id,name,email
12345,Александар Стефановски,aleksandar.stefanovski@example.com
22345,Иванка Петровска,ivanka.petrovska@example.com
32345,Бојан Јовановски,bojan.jovanovski@example.com
42345,Елена Стојанова,elena.stojanova@example.com
52345,Марија Димитрова,marija.dimitrova@example.com
62345,Горан Илиевски,goran.ilievski@example.com
72345,Софија Милошевска,sofiya.miloshevska@example.com
82345,Никола Иванов,nikola.ivanov@example.com
92345,Татјана Николовска,tatjana.nikolovska@example.com
102345,Кирил Георгиевски,kiril.georgievski@example.com
112345,Владимир Крстевски,vladimir.krstevski@example.com
122345,Јасмина Поповска,jasmina.popovska@example.com
132345,Ристо Митревски,risto.mitrevski@example.com
14,Наташа Наумовска,natasha.naumovska@example.com
15,Дејан Ристовски,dejan.ristovski@example.com
16,Олга Тодорова,olga.todorova@example.com
17,Зоран Спасов,zoran.spasov@example.com
18,Катарина Атанасова,katarina.atanasova@example.com
19,Трајче Николов,traice.nikolov@example.com
20,Снежана Јованова,snezhana.jovanova@example.com
21,Виктор Петров,viktor.petrov@example.com
22,Весна Милевска,vesna.milevska@example.com
23,Милан Димов,milan.dimov@example.com
24,Анита Костовска,anita.kostovska@example.com
25,Гоце Павловски,goce.pavlovski@example.com
26,Емилија Савова,emilija.savova@example.com
27,Кристијан Трајковски,kristijan.trajkovski@example.com
28,Лидија Пандевска,lidija.pandevska@example.com
29,Дарко Илијевски,darko.ilievski@example.com
30,Ана Мицевска,ana.micevska@example.com
31,Јован Тодоров,jovan.todorov@example.com
32,Ева Ковачева,eva.kovacheva@example.com
33,Марјан Николовски,marjan.nikolovski@example.com
34,Сандра Стојановска,sandra.stojanovska@example.com
35,Илија Георгиев,ilija.georgiev@example.com
36,Радмила Костова,radmila.kostova@example.com
37,Драган Симеонов,dragan.simeonov@example.com
38,Катерина Петреска,katerina.petreska@example.com
39,Игор Димитров,igor.dimitrov@example.com
40,Јована Цветковска,jovana.cvetkovska@example.com
41,Благој Ангелов,blagoj.angelov@example.com
42,Тамара Јакимова,tamara.jakimova@example.com
43,Горан Трајковски,goran.trajkovski@example.com
44,Маја Стојановска,maja.stojanovska@example.com
45,Ристо Петровски,risto.petrovski@example.com
46,Верица Митрева,verica.mitreva@example.com
47,Димитар Спасовски,dimitar.spasovski@example.com
48,Марија Иванова,marija.ivanova@example.com
49,Александар Димитровски,aleksandar.dimitrovski@example.com
50,Ивана Николовска,ivana.nikolovska@example.com
51,Blagojche Dameski,bdameski@example.com
